state,Cyclone_Inlet_Gas_Temp_mean,Cyclone_Inlet_Gas_Temp_std,Cyclone_Inlet_Gas_Temp_min,Cyclone_Inlet_Gas_Temp_max,Cyclone_Inlet_Gas_Temp_count,Cyclone_Material_Temp_mean,Cyclone_Material_Temp_std,Cyclone_Material_Temp_min,Cyclone_Material_Temp_max,Cyclone_Material_Temp_count,Cyclone_Outlet_Gas_draft_mean,Cyclone_Outlet_Gas_draft_std,Cyclone_Outlet_Gas_draft_min,Cyclone_Outlet_Gas_draft_max,Cyclone_Outlet_Gas_draft_count,Cyclone_cone_draft_mean,Cyclone_cone_draft_std,Cyclone_cone_draft_min,Cyclone_cone_draft_max,Cyclone_cone_draft_count,Cyclone_Gas_Outlet_Temp_mean,Cyclone_Gas_Outlet_Temp_std,Cyclone_Gas_Outlet_Temp_min,Cyclone_Gas_Outlet_Temp_max,Cyclone_Gas_Outlet_Temp_count,Cyclone_Inlet_Draft_mean,Cyclone_Inlet_Draft_std,Cyclone_Inlet_Draft_min,Cyclone_Inlet_Draft_max,Cyclone_Inlet_Draft_count,Occurrences,Mean,Std,Min,Max,25%,50%,75%
0,892.2999956117964,29.045244657130095,0.0,1157.63,293726,922.6973753196404,70.07140888485488,-185.0,1375.0,293726,-227.81874400523606,34.98868260863147,-456.66,5.53,293726,-209.57330117596314,34.28043957040475,-459.31,2.28,293726,878.3983645641505,49.42930312993852,70.78,1375.0,293726,-180.5136313637547,26.82257729132457,-396.37,-2.22,293726,423,57.87,108.16,0.08,1211.83,0.29,13.83,78.79
1,60.22548843853727,76.40378369735097,0.0,563.47,71401,58.544317864826674,126.20601699626306,-185.0,1022.53,71401,-1.0539038668926204,11.05095581708177,-251.05,24.43,71401,-4.004800212882173,10.985121649026413,-144.79,66.39,71401,59.59353958628031,74.24579705017233,0.0,507.8,71401,-3.199938936429462,8.816709298293404,-98.7,24.09,71401,169,35.21,120.29,0.08,924.25,0.17,0.92,7.42
2,635.2345338310038,170.6589112747859,96.39,1081.03,12592,639.1888840609747,274.84991844117206,-185.0,1375.0,12592,-7.222729510800509,34.33951955377012,-234.54,40.27,12592,-19.187373729351968,32.03305648487859,-150.0,488.86,12592,615.9067360228717,162.94628152715114,94.39,1375.0,12592,-4.462001797529312,29.30163647771126,-141.12663448909035,41.64,12592,471,2.23,3.95,0.08,27.42,0.08,0.5,2.29
